configuration,bpp,,
22,0.10883415,,
33,0.474321826,,
44,1.298317183,,
55,2.384308935,,
66,3.959634764,,
,,,
,,,bpp: bits per input point