configuration,bpp,,
22,0.08405644,,
33,0.524334979,,
44,1.791338983,,
55,3.697108253,,
66,6.117959452,,
,,,
,,,bpp: bits per input point