configuration,bpp,,
22,0.204608127,,
33,0.903798034,,
44,2.574078485,,
55,3.742567596,,
66,4.893651608,,
,,,
,,,bpp: bits per input point