configuration,bpp,,
22,0.08561441,,
33,0.314790416,,
44,0.776480377,,
55,1.187385832,,
66,1.722401386,,
,,,
,,,bpp: bits per input point