configuration,bpp
22,0.102036677
33,0.457155645
44,1.379877524
55,2.647909125
66,4.496597767