configuration,bpp
22,0.079199604
33,0.495221064
44,1.741402318
55,3.53788941
66,5.858399886