configuration,bpp
22,0.197103898
33,0.904240037
44,2.672704101
55,4.020941123
66,5.399195063