configuration,bpp
22,0.084253401
33,0.306902525
44,0.783593386
55,1.259668316
66,1.904408998